<ROSETTASCRIPTS>
    <SCOREFXNS>
        <ScoreFunction name="sfxn" weights="beta_nov16" />
        <ScoreFunction name="sfxn_design" weights="beta_nov16" >
            <Reweight scoretype="approximate_buried_unsat_penalty" weight="5.0" />
            <Reweight scoretype="aa_composition" weight="1.0" />
        </ScoreFunction>
        <ScoreFunction name="vdw_sol" weights="empty" >
            <Reweight scoretype="fa_atr" weight="1.0" />
            <Reweight scoretype="fa_rep" weight="0.55" />
            <Reweight scoretype="fa_sol" weight="1.0" />
        </ScoreFunction>
    </SCOREFXNS>
    <RESIDUE_SELECTORS>
	<Or name="hotspots" >
        # no restrain
		<ResiduePDBInfoHasLabel property="HOT_IN:999999" />
        	ResiduePDBInfoHasLabel property="HOT_IN:2" />
	</Or>
        
        ## some very important target residues
        <Index name="good_target_res" resnums="31,33,122" error_on_out_of_bounds_index="true" reverse="true" />
        
        <Chain name="chainA" chains="A"/>
        <Chain name="chainB" chains="B"/>
        <Neighborhood name="interface_chA" selector="chainB" distance="8.0" />
        <Neighborhood name="interface_chB" selector="chainA" distance="8.0" />
        <And name="AB_interface" selectors="interface_chA,interface_chB" />
        <Not name="Not_interface" selector="AB_interface" />
        
        <ResidueName name="pro_and_gly_positions" residue_name3="PRO,GLY" />
        <ResidueName name="apolar" residue_name3="ALA,CYS,PHE,ILE,LEU,MET,THR,PRO,VAL,TRP,TYR" />
        <Not name="polar" selector="apolar" />
        
        
        
        <!-- Layer Design -->
        <Index name="Nter" resnums="1" error_on_out_of_bounds_index="true" reverse="false" />
        <Index name="Cter" resnums="196" error_on_out_of_bounds_index="true" reverse="true" />
        <Layer name="surface" select_core="false" select_boundary="false" select_surface="true" use_sidechain_neighbors="true"/>
        <Layer name="boundary" select_core="false" select_boundary="true" select_surface="false" use_sidechain_neighbors="true"/>
        <Layer name="core" select_core="true" select_boundary="false" select_surface="false" use_sidechain_neighbors="true"/>
        <SecondaryStructure name="sheet" overlap="0" minH="3" minE="2" include_terminal_loops="false" use_dssp="true" ss="E"/>
        <SecondaryStructure name="entire_loop" overlap="0" minH="3" minE="2" include_terminal_loops="true" use_dssp="true" ss="L"/>
        <SecondaryStructure name="entire_helix" overlap="0" minH="3" minE="2" include_terminal_loops="false" use_dssp="true" ss="H"/>
        <And name="helix_cap" selectors="entire_loop">
            <PrimarySequenceNeighborhood lower="1" upper="0" selector="entire_helix"/>
        </And>
        <And name="helix_start" selectors="entire_helix">
            <PrimarySequenceNeighborhood lower="0" upper="1" selector="helix_cap"/>
        </And>
        <And name="helix" selectors="entire_helix">
            <Not selector="helix_start"/>
        </And>
        <And name="loop" selectors="entire_loop">
            <Not selector="helix_cap"/>
        </And>
    </RESIDUE_SELECTORS>
    <TASKOPERATIONS>
        <ProteinInterfaceDesign name="pack_long" design_chain1="0" design_chain2="0" jump="1" interface_distance_cutoff="15"/>
        
        ####################################### commonly used taskops ########################################################
        <InitializeFromCommandline name="init" />
        <IncludeCurrent name="current" />
        <LimitAromaChi2 name="limitchi2" chi2max="110" chi2min="70" include_trp="True" />
        <ExtraRotamersGeneric name="ex1_ex2" ex1="1" ex2aro="1" />
        <ExtraRotamersGeneric name="ex1" ex1="1" />
        <ConsensusLoopDesign name="consensus_loop" />
        ####################################### Change a.a. preference of core layers #################################################
        <DesignRestrictions name="layer_design">
            <Action selector_logic="Nter AND chainA" aas="ADEFGHIKLMNPQRSTVWY" />
            <Action selector_logic="Cter AND chainA" aas="ADEFGHIKLMNPQRSTVWY" />
            <Action selector_logic="surface AND helix_start AND chainA"	aas="EHKPQRDNST"/>
            <Action selector_logic="surface AND helix AND chainA"		aas="EHKQRDNTS"/>
            <Action selector_logic="surface AND sheet AND chainA"		aas="DEHKNQRST"/>
            <Action selector_logic="surface AND loop AND chainA"		aas="DEGHKNPQRST"/>
            <Action selector_logic="boundary AND helix_start AND chainA"	aas="ADEIKLMNPQRSTVWY"/>
            <Action selector_logic="boundary AND helix AND chainA"		aas="ADEFIKLMNQRSTVWY"/>#add F for boundary, as pointed by Brian. In the original LayerDesign setting, F in not allowed here.
            <Action selector_logic="boundary AND sheet AND chainA"		aas="DEFIKLNQRSTVWY"/>
            <Action selector_logic="boundary AND loop AND chainA"		aas="ADEFGIKLNPQRSTVWY"/>
            <Action selector_logic="core AND helix_start AND chainA"		aas="AFILMPVWY"/>
            <Action selector_logic="core AND helix AND chainA"			aas="AFILMVWYDENQTS"/>
            <Action selector_logic="core AND sheet AND chainA"			aas="FILMVWYDENQST"/># add M
            <Action selector_logic="core AND loop AND chainA"			aas="AFGILMPVWY"/>
            <Action selector_logic="helix_cap AND chainA"			aas="DNST"/>
        </DesignRestrictions>
        
        #################################################### restrict to interface
        <SelectBySASA name="PR_monomer_core" mode="sc" state="monomer" probe_radius="2.2" core_asa="15" surface_asa="15" core="0" boundary="1" surface="1" verbose="0" />
        <OperateOnResidueSubset name="restrict_to_interface" selector="Not_interface">
            <PreventRepackingRLT/>
        </OperateOnResidueSubset>
        <OperateOnResidueSubset name="restrict_target" selector="chainB">
            <PreventRepackingRLT/>
        </OperateOnResidueSubset>
        <OperateOnResidueSubset name="restrict_target2repacking" selector="chainB">
            <RestrictToRepackingRLT/>
        </OperateOnResidueSubset>
        <OperateOnResidueSubset name="fix_good_target_res" selector="good_target_res">
            <PreventRepackingRLT/>
        </OperateOnResidueSubset>
        
        ###################################################
        <OperateOnResidueSubset name="restrict_hotspots" selector="hotspots" >#AFILMVWY
            PreventRepackingRLT/>
            <RestrictToRepackingRLT/>
            RestrictAbsentCanonicalAASRLT aas="FILMVWY" />
        </OperateOnResidueSubset>
        
        #################################### This is just to prevent repacking, not constrains #######################################3
        <DisallowIfNonnative name="disallow_GLY" resnum="0" disallow_aas="G" />
        <DisallowIfNonnative name="disallow_PRO" resnum="0" disallow_aas="P" />
        <OperateOnResidueSubset name="restrict_PRO_GLY" selector="pro_and_gly_positions">
            <PreventRepackingRLT/>
        </OperateOnResidueSubset>
        <ProteinProteinInterfaceUpweighter name="up_ppi" interface_weight="2" skip_loop_in_chain="A" />
        
    </TASKOPERATIONS>
    <MOVERS>
        <SwitchChainOrder name="chain1onlypre" chain_order="1" />
        <ScoreMover name="scorepose" scorefxn="sfxn" verbose="false" />
        <ParsedProtocol name="chain1only">
            <Add mover="chain1onlypre" />
            <Add mover="scorepose" />
        </ParsedProtocol>
        <DeleteRegionMover name="delete_polar" residue_selector="polar" rechain="false" />
        <TaskAwareMinMover name="min" scorefxn="sfxn" bb="0" chi="1" task_operations="pack_long" />
    </MOVERS>
    <FILTERS>
        <Sasa name="interface_buried_sasa" confidence="0" />
        <Ddg name="ddg"  threshold="-10" jump="1" repeats="3" repack="1" relax_mover="min" confidence="0" scorefxn="sfxn" />
        <ShapeComplementarity name="interface_sc" verbose="0" min_sc="0.55" write_int_area="1" write_median_dist="1" jump="1" confidence="0"/>
        Ddg name="ddg_hydrophobic_pre"  threshold="-10" jump="1" repeats="1" repack="0" confidence="0" scorefxn="vdw_sol" />
        MoveBeforeFilter name="ddg_hydrophobic" mover="delete_polar" filter="ddg_hydrophobic_pre" confidence="0"/>
        <ContactMolecularSurface name="contact_area_target" verbose="0" distance_weight="0.5" confidence="0" target_selector="chainB" binder_selector="chainA"/>
        ContactMolecularSurface name="contact_area_binder" verbose="0" distance_weight="0.5" confidence="0" target_selector="chainA" binder_selector="chainB"/>
	
	<!--
	<BuriedUnsatHbonds name="vbuns_heavy_all" use_reporter_behavior="true" report_all_heavy_atom_unsats="true" scorefxn="sfxn" residue_selector="AB_interface" ignore_surface_res="false" print_out_info_to_pdb="true" confidence="0" use_ddG_style="true" dalphaball_sasa="true" probe_radius="1.1" atomic_depth_selection="5.5" burial_cutoff="1000" burial_cutoff_apo="0.2" />
        <BuriedUnsatHbonds name="vbuns_heavy_sc" use_reporter_behavior="true" report_sc_heavy_atom_unsats="true" scorefxn="sfxn" residue_selector="AB_interface" ignore_surface_res="false" print_out_info_to_pdb="true" confidence="0" use_ddG_style="true" dalphaball_sasa="true" probe_radius="1.1" atomic_depth_selection="5.5" burial_cutoff="1000" burial_cutoff_apo="0.2" />
        <BuriedUnsatHbonds name="vbuns_heavy_bb" use_reporter_behavior="true" report_bb_heavy_atom_unsats="true" scorefxn="sfxn" residue_selector="AB_interface" ignore_surface_res="false" print_out_info_to_pdb="true" confidence="0" use_ddG_style="true" dalphaball_sasa="true" probe_radius="1.1" atomic_depth_selection="5.5" burial_cutoff="1000" burial_cutoff_apo="0.2" />
        -->
        ### score function monomer terms
        <ScoreType name="total_score_MBF" scorefxn="sfxn" score_type="total_score" threshold="0" confidence="0" />
        <MoveBeforeFilter name="total_score_monomer" mover="chain1only" filter="total_score_MBF" confidence="0" />
        <ResidueCount name="res_count_MBF" max_residue_count="9999" confidence="0"/>
        <MoveBeforeFilter name="res_count_monomer" mover="chain1only" filter="res_count_MBF" confidence="0" />
        <CalculatorFilter name="score_per_res" equation="total_score_monomer / res" threshold="-3.5" confidence="0">
            <Var name="total_score_monomer" filter="total_score_monomer"/>
            <Var name="res" filter="res_count_monomer"/>
        </CalculatorFilter>
        
    </FILTERS>
    <MOVERS>
        <AddCompositionConstraintMover name="add_aa_composition" selector="chainA">
            <Comp entry="PENALTY_DEFINITION;TYPE ALA;ABSOLUTE 0;PENALTIES 0 3;DELTA_START 0;DELTA_END 1;BEFORE_FUNCTION CONSTANT;AFTER_FUNCTION LINEAR;END_PENALTY_DEFINITION;" />
        </AddCompositionConstraintMover>
        <ClearCompositionConstraintsMover name="clear_aa_composition" />
        <FastDesign name="FastDesign" scorefxn="sfxn_design" repeats="2" task_operations="init,current,limitchi2,ex1_ex2,ex1,layer_design,restrict_to_interface,restrict_target2repacking,disallow_GLY,disallow_PRO,PR_monomer_core,up_ppi,consensus_loop,restrict_hotspots,restrict_PRO_GLY,fix_good_target_res" batch="false" ramp_down_constraints="false" cartesian="false" bondangle="false" bondlength="false" min_type="dfpmin_armijo_nonmonotone" >
            <MoveMap name="MM" >
                <Chain number="1" chi="true" bb="true" />
                <Chain number="2" chi="true" bb="false" />
                <Jump number="1" setting="true" />
            </MoveMap>
        </FastDesign>
        ################################ prevent repacking of rif? ##################################################
        <FastRelax name="FastRelax" scorefxn="sfxn" repeats="1" batch="false" ramp_down_constraints="false" cartesian="false" bondangle="false" bondlength="false" min_type="dfpmin_armijo_nonmonotone" task_operations="restrict_target,limitchi2,init,current,ex1,ex1_ex2" >
            <MoveMap name="MM" >
                <Chain number="1" chi="true" bb="true" />
                <Chain number="2" chi="true" bb="false" />
                <Jump number="1" setting="true" />
            </MoveMap>
        </FastRelax>
    </MOVERS>
    <APPLY_TO_POSE>
    </APPLY_TO_POSE>
    <PROTOCOLS>
        <Add mover="add_aa_composition" />
        <Add mover="FastDesign" />
        <Add mover="clear_aa_composition" />
        <Add mover="FastRelax" />
        <Add filter_name="interface_buried_sasa" />
        <Add filter_name="contact_area_target" />
        Add filter_name="contact_area_binder" />
        <Add filter_name="ddg" />
        Add filter_name="ddg_hydrophobic" />
        <Add filter_name="interface_sc" />
        Add filter_name="score_per_res" />
	    Add filter_name="vbuns_heavy_all" />
	    Add filter_name="vbuns_heavy_sc" />
	    Add filter_name="vbuns_heavy_bb" />
    </PROTOCOLS>
    <OUTPUT />
</ROSETTASCRIPTS>
